Countryno,country,year,CO2_transport_capita,GDP_per_capita,gas_cons_capita,vehicles_capita,urban_pop,pop_density
1,Australia,1960,2.092156679764865,12290.4008293509,399.4559614155708,265.710148283386,81.529,1.33768220454812
1,Australia,1961,2.047123914909854,12370.5105471806,407.4215396356005,275.6872237282142,81.941,1.36456529945459
1,Australia,1962,2.094582014522435,12828.9886236666,426.8292682926829,284.2736985899475,82.337,1.398279161188706
1,Australia,1963,2.22648401826484,13668.1783745589,448.7671232876712,322.2739501483551,82.727,1.425354386056259
1,Australia,1964,2.290677890212232,13973.7438509531,476.4036894421062,334.7090969445533,83.11,1.453601135076735
1,Australia,1965,2.355988760098349,13947.1397971169,495.69722514928,347.3134514471736,83.485,1.48236856149851
1,Australia,1966,2.357737533258948,14588.7975484633,503.3902669298772,357.810391894425,83.855,1.516603100633925
1,Australia,1967,2.463768115942029,14907.2601756665,524.281718789728,351.0762938855895,84.217,1.535868164481991
1,Australia,1968,2.58306270297277,15775.699805738,545.1744524939628,363.5720741252002,84.57299999999999,1.563203728050193
1,Australia,1969,2.716301068254098,16599.5638645924,571.1489847508766,377.308371394745,84.922,1.596266743032686
1,Australia,1970,2.569760933877029,16750.8665883324,593.3477252738467,389.2886213755416,85.265,1.62802806451193
1,Australia,1971,2.553142150421273,16967.5687971994,603.3856380922934,389.4822669916923,85.59999999999999,1.684000885151582
1,Australia,1972,2.579494573878728,17490.1572460913,626.8498140699703,400.6297327570189,85.681,1.715241529229528
1,Australia,1973,2.816143497757847,18647.7556983189,664.7234678624812,418.422986029599,85.761,1.741665907345456
1,Australia,1974,2.824455294031917,17863.2021265445,662.9016978794724,430.7955964473754,85.84099999999999,1.786313994506853
1,Australia,1975,2.900741380551357,17681.605486542,680.5585546678184,447.3722298815219,85.92100000000001,1.808442784062065
1,Australia,1976,2.963728354592746,18179.9884724148,699.9216133399843,456.1653996323969,86,1.826666493107533
1,Australia,1977,3.120772266065389,18103.1988722163,725.4791431792559,469.4855986427311,85.94,1.847363419809172
1,Australia,1978,3.254631564284719,18836.0704930921,743.4183033848726,482.3815950959346,85.881,1.868971531963084
1,Australia,1979,3.296127876533003,19297.5627301093,757.5444398511781,489.8760176138114,85.821,1.889277950613748
1,Australia,1980,3.339912877756602,19705.8669871579,742.9213177239313,491.5441921756136,85.76000000000001,1.912448094971558
1,Australia,1981,3.344275473973337,20401.4029356559,734.5079386346888,504.4437616396864,85.7,1.943037892297879
1,Australia,1982,3.363420740545526,19630.9278058492,742.1926472526025,522.1212016245879,85.64,1.975710399229397
1,Australia,1983,3.286485783069816,20482.0192541605,722.1029344784956,529.0968370977973,85.58,2.000572745141429
1,Australia,1984,3.38973237261966,21001.9391952442,730.4426145136388,539.0230886738075,85.52,2.023352381448264
1,Australia,1985,3.440157380378221,21281.9813866455,732.3264373651479,549.7593094794391,85.45999999999999,2.051208622417766
1,Australia,1986,3.474754032862208,21371.3875446146,733.8435798831345,553.4644036606795,85.40000000000001,2.085104721242336
1,Australia,1987,3.480100098992247,22680.1385351427,721.9670558722078,554.9016562966794,85.40000000000001,2.117061296747068
1,Australia,1988,3.555485658291093,23976.7872215249,735.3528266050496,558.8606060606061,85.40000000000001,2.151985733439204
1,Australia,1989,3.604053668284328,24616.5379807033,745.4324864401941,564.8511904761905,85.40000000000001,2.188719524100855
1,Australia,1990,3.597400542627936,24053.3955943188,758.4485294548523,571.0572429906541,85.40000000000001,2.221352980227276
1,Australia,1991,3.469682943763018,23827.3894926357,716.7900948854432,558.4201388888888,85.40000000000001,2.249847051013369
1,Australia,1992,3.512432123463847,24496.2443671283,711.689054015433,569.1538021726701,85.566,2.277312783931895
1,Australia,1993,3.539933208807381,25263.6270165308,710.4771608082866,571.2911077149487,85.748,2.299701912187756
1,Australia,1994,3.593951274152898,26380.661060725,715.5418650238029,580.3921568627451,85.928,2.324173750048813
1,Australia,1995,3.699092518813634,27463.3054981186,716.9654714475432,589.4244604316547,86.10599999999999,2.352420499069289
1,Australia,1996,3.785156463328054,28405.3919163355,712.9048113156027,606.3989071038251,86.283,2.38353097379691
1,Australia,1997,3.815952908138467,29473.0494263664,705.7838742776908,613.5783783783784,86.504,2.410345859963813
1,Australia,1998,3.776388220832665,30442.3119275183,700.2298113409224,625.8930481283423,86.727,2.435598713926819
1,Australia,1999,3.805875515164324,31649.6552334523,703.0539997886506,624.7296587926509,86.947,2.463585124246645
1,Australia,2000,3.876677282932178,31808.5517218924,711.0113298177831,627.3394255874674,87.16500000000001,2.493133566770368
1,Australia,2001,3.794364601040539,32638.4236134744,670.8391284191006,625.0515463917526,87.378,2.526977597854809
1,Australia,2002,3.834841283572672,33289.3632545641,695.2176435266698,632.3193337057539,87.541,2.558009970972235
1,Australia,2003,3.801381223800476,34283.1060245603,689.8579571157152,643.8241526429509,87.69499999999999,2.589771292451479
1,Australia,2004,3.893697149159852,34903.0118501845,723.2429424565518,654.8718055803696,87.849,2.619970581726827
1,Australia,2005,3.850000980642124,35506.2815141701,691.9410830211623,665.8915468459458,88,2.654777866003671
2,Belgium,1960,.7658281994985736,9337.64958633288,117.9877967843737,101.617469392792,92.45999999999999,278.8997257769653
2,Belgium,1961,.7905097023632974,9698.116778160211,125.4362502923579,110.8932425008789,92.554,279.280926264473
2,Belgium,1962,.8047217864216322,10159.8373809861,129.818325922735,120.921892883977,92.679,280.865326020719
2,Belgium,1963,.80733968655844,10431.6745352363,134.1260332602422,132.7233453700913,92.83499999999999,282.845825716027
2,Belgium,1964,.8338564485200807,11092.3387976455,148.6439756057535,146.2579790809834,92.988,285.405240706886
2,Belgium,1965,.8939452328574116,11461.5755596638,164.312628498023,166.3319399874671,93.137,287.8732480195
2,Belgium,1966,.83544933267435,11744.4608089791,160.47764191697,191.2801923920597,93.28400000000001,289.7014015844
2,Belgium,1967,.9028293628498347,12132.742006814,175.9734457531585,184.3423447243304,93.428,291.194393662401
2,Belgium,1968,1.017803133794017,12590.2722584439,193.3721990660747,215.124764010191,93.569,292.1998781230961
2,Belgium,1969,1.052246146394704,13450.3643813944,209.7235422814272,226.0206896497199,93.70699999999999,292.900670322974
2,Belgium,1970,1.170311496529094,14252.7596107932,228.1589581286367,240.9109768902792,93.843,293.662400975015
2,Belgium,1971,1.210565893551664,14668.6369542211,238.5982990877233,250.8273484259144,93.976,294.728823887873
2,Belgium,1972,1.289244334970804,15573.9057384289,259.2905140140962,262.5025994158916,94.10599999999999,295.825716026813
2,Belgium,1973,1.315989373539785,16700.203463619,263.7111310938931,274.1272628220217,94.233,296.709323583181
2,Belgium,1974,1.271947099280127,17212.4412778826,256.640653660061,285.4861688142071,94.358,297.623400365631
2,Belgium,1975,1.356025590008877,16833.34979536,282.1227055210342,296.8130468089417,94.48,298.446069469835
2,Belgium,1976,1.439160043865354,17881.7145359953,291.702361332652,309.0315571467624,94.59999999999999,298.9335770871419
2,Belgium,1977,1.507574800429445,18214.3594171213,302.5322170362463,322.6476678680503,94.806,299.26873857404
2,Belgium,1978,1.546821221411502,18889.6595527448,315.3604632089284,332.8890529462806,95.005,299.512492382693
2,Belgium,1979,1.63580169818758,19542.5887184122,317.2094664890131,345.5510136827934,95.196,299.7257769652649
2,Belgium,1980,1.607628659485181,20262.2052655668,298.5016495182895,368.6371514136316,95.381,300.0304692260819
2,Belgium,1981,1.565070308476068,18990.1341313303,275.3834016534365,351.4398926963628,95.535,300.18281535649
2,Belgium,1982,1.583758129189007,18401.4500015241,270.4868143765467,353.998679891537,95.637,300.304692260817
2,Belgium,1983,1.618382388752699,17862.9249534197,261.2748997516113,357.7041933206316,95.73699999999999,300.304692260817
2,Belgium,1984,1.621450717436135,17901.2810668614,262.6993684256668,361.7995398817316,95.83499999999999,300.2132845825719
2,Belgium,1985,1.660528358416069,17741.8355187227,253.6946502381545,366.7867940539882,95.93000000000001,300.36563071298
2,Belgium,1986,1.810010177631459,18683.4485994807,275.8110746866984,371.0647494869762,96.023,300.487507617307
2,Belgium,1987,1.863177711896192,19444.1440230618,287.4298623517943,384.3370408719953,96.11499999999999,300.73126142596
2,Belgium,1988,2.007743344956969,20955.3244914384,296.3138316953595,395.3409759276103,96.20399999999999,301.7062766605729
2,Belgium,1989,2.042726800786943,22174.1502075456,289.5036948701494,408.707814624498,96.292,302.803168799513
2,Belgium,1990,2.006545552245982,23044.8914109019,273.5924860487396,422.0320664586743,96.377,303.686776355881
2,Belgium,1991,2.049080782361033,23491.9390406788,273.6772283953418,434.1785151380354,96.461,304.844606946984
2,Belgium,1992,2.179159352197347,24233.7621192089,288.9949565750982,438.744928540847,96.542,306.0633759902499
2,Belgium,1993,2.217269614927897,24355.8971645373,281.5218442209436,446.5189709140522,96.622,307.282145033516
2,Belgium,1994,2.248012303369359,25267.6176101506,280.6555377865264,459.4555306299079,96.7,308.2266910420479
2,Belgium,1995,2.229498014710938,26120.0587547085,279.4764546759331,464.967738769058,96.777,308.866544789762
2,Belgium,1996,2.324588345532089,26172.5966638384,269.675877950546,472.8388366899885,96.851,309.475929311395
2,Belgium,1997,2.325845218340193,27685.6357886652,248.9872309329556,481.1320373336638,96.92400000000001,310.207190737355
2,Belgium,1998,2.360088319052577,28587.6796746813,246.2019043795712,489.4205088263757,96.996,310.8775137111519
2,Belgium,1999,2.372286916857211,29682.3192116252,234.0995415892895,500.0866530301304,97.065,311.5783059110299
2,Belgium,2000,2.371418119741495,31589.3844335182,218.9976832093647,510.4808616575475,97.128,312.370505789153
2,Belgium,2001,2.43910263576683,31735.7962491225,212.510098118226,516.9614093498608,97.184,313.4369287020109
2,Belgium,2002,2.419483227416423,32457.0473545754,201.978459824723,519.9616755821838,97.239,314.838513101767
2,Belgium,2003,2.499967955306664,31523.1214697546,202.8694119475917,533.4391873479485,97.292,314.3935405240707
2,Belgium,2004,2.544827882024773,31763.9643330839,185.3924384642482,546.7320233563054,97.345,315.0444241316271
2,Belgium,2005,2.459294007978343,31678.7111483935,168.1519612750423,559.4894743535823,97.39700000000001,315.5444
3,Canada,1960,2.79970823622904,11758.0418752576,657.0436141943978,292.4517783973028,69.06100000000001,1.94220369440525
3,Canada,1961,2.763942860270374,11934.4537737086,659.6245416233376,300.8422619336053,69.66800000000001,2.009235157821347
3,Canada,1962,2.840335231546148,12445.8107005251,682.6582142473408,309.1797386760763,70.494,2.046954366355786
3,Canada,1963,2.938726007171483,12820.8184647129,711.6642058637418,318.9650510308242,71.307,2.085443354656233
3,Canada,1964,3.056662354463131,13459.0420509267,735.9379042690815,328.6205192507919,72.107,2.125141996874694
3,Canada,1965,3.175119422705559,14110.3285865656,765.7790425856286,337.4232635414848,72.892,2.163960890789145
3,Canada,1966,3.316041500399043,14758.4593706042,796.1392657621708,346.4082772486873,73.642,2.204649249849618
3,Canada,1967,3.425436018028611,14920.3096577685,822.1634332745443,352.5087392368451,74.155,2.244677797682083
3,Canada,1968,3.545603548013883,15365.3551325354,863.6714230620902,364.8124642441288,74.66200000000001,2.281187352298507
3,Canada,1969,3.638006467567054,15918.7883418477,884.6300171200304,376.0505628673446,75.161,2.31241841709087
3,Canada,1970,3.779309697992872,16064.6635412909,920.8403676608517,379.7251840350599,75.654,2.344969104339249
3,Canada,1971,3.852988618668931,16637.7159104881,939.0851277180259,391.3657844837581,76.09,2.380327838205489
3,Canada,1972,4.055719585365418,17407.3857470409,988.7407859120671,408.4532082325752,75.971,2.418607446409582
3,Canada,1973,4.348796356166422,18675.6500414576,1052.553558860386,431.1207369325373,75.851,2.459931093714089
3,Canada,1974,4.457258813492721,19529.3695009721,1072.183486433507,459.7251197912608,75.73099999999999,2.504433051703908
3,Canada,1975,4.455168253694688,19482.5471868104,1092.765737429446,469.1745952411726,75.611,2.552259798471657
3,Canada,1976,4.596904498681861,20461.7663538191,1111.361510332511,482.7084829381871,75.503,2.586240076714052
3,Canada,1977,4.605395864851236,20682.8470582943,1112.75004202387,507.0084488186392,75.54300000000001,2.616811330278408
3,Canada,1978,4.791562656015976,21055.0905441978,1132.426360459311,522.8793612581457,75.583,2.643203779398714
3,Canada,1979,5.180623635539811,21896.233072767,1159.121802529143,533.3780814549032,75.623,2.669706197057022
3,Canada,1980,5.20066685642256,22107.5701053631,1149.880047167893,539.8466801592921,75.663,2.704456255065426
3,Canada,1981,5.1,22437.1043804102,1098.915662650602,540.3090640389966,75.712,2.738216596231818
3,Canada,1982,4.366716927227998,21376.656251885,999.5238473137053,551.1080870737383,75.874,2.771427094708204
3,Canada,1983,4.237900691389063,21977.0193869858,958.4773727215588,556.3794387629422,76.035,2.799359103360529
3,Canada,1984,4.326900630301143,23183.7580064263,941.2108007158976,542.6616653887249,76.19499999999999,2.826411363708843
3,Canada,1985,4.363580294503122,24162.2738210275,927.3379076401203,552.6758116539826,76.354,2.85280381282915
3,Canada,1986,4.319951152495802,24410.2270563317,921.8821553961227,563.4754478203763,76.502,2.881615569785484
3,Canada,1987,4.445951035781544,25539.2486557854,919.7740112994351,581.0219996041628,76.52200000000001,2.919664683933926
3,Canada,1988,4.663320319762038,26784.2074893449,932.8127904815021,592.3962774916471,76.542,2.957603829544367
3,Canada,1989,4.654662332444574,27427.369708885,934.2561817451331,597.7167753353191,76.562,3.010828601936986
3,Canada,1990,4.456118887409593,26972.5235727389,897.7006944694326,598.9199898659783,76.58199999999999,3.056135639593512
3,Canada,1991,4.264566098680228,25939.0732655478,856.356393629603,570.8552814153609,76.62,3.097998682576915
3,Canada,1992,4.36121169594367,25832.2413399881,857.7260050343629,569.5939327684523,76.887,3.136258386475629
3,Canada,1993,4.379988353788193,26180.2505730892,867.257809603512,568.024527235487,77.152,3.170767943291424
3,Canada,1994,4.550028431666412,27408.5067712704,883.3155754212727,570.6245622634274,77.414,3.201393741250628
3,Canada,1995,4.632418069087688,28413.6410806437,877.6998024119371,567.3854162585454,77.675,3.22801646448951
3,Canada,1996,4.694677455774656,28795.580331998,879.2493908377961,565.6737729054646,77.95099999999999,3.262975462720116
3,Canada,1997,4.792711556930957,29858.7382474152,891.2802795859567,569.6192159253665,78.34,3.297648542751919
3,Canada,1998,4.838683016011029,30283.5030363979,902.4097540655714,581.3339153831377,78.724,3.326317340608852
3,Canada,1999,4.919145420207744,31870.401068358,917.2371734340572,565.9315331703813,79.10299999999999,3.353952434208573
3,Canada,2000,4.835926252124655,33487.42629176,909.0111375801519,571.8805546623122,79.47799999999999,3.383698923737918
3,Canada,2001,4.718501764692634,33078.2387230168,911.0768646704353,570.5052809588053,79.81,3.418031101301918
3,Canada,2002,4.75990051654869,32962.728128789,921.4335820419617,580.8976954213965,79.88800000000001,3.448833288796076
3,Canada,2003,4.796375805025888,33608.5243295788,926.3795933830029,595.1057398062039,79.967,3.483363409728477
3,Canada,2004,4.896702609782778,34543.4438285848,934.7085482106579,608.6847346134113,80.045,3.518443373350884
3,Canada,2005,4.93872245605348,35404.3886252051,920.741520178262,621.8768935864273,80.122,3.55330339989729
4,Denmark,1960,.7205864787842964,11049.583489234,146.9559697641914,126.200875464708,73.687,108.118952088742
4,Denmark,1961,.7784569941542,11665.5330994755,164.3650143645915,142.7982605063721,74.417,108.8432145385886
4,Denmark,1962,.8089976024839669,12233.8141657309,177.290963948614,161.7204267907824,75.093,109.6938163795138
4,Denmark,1963,.8773646953142962,12383.9428096635,193.1910095521747,175.7478696942567,75.75700000000001,110.5613169695539
4,Denmark,1964,.9445006344672424,13370.6844386508,210.9243569348371,192.1822119325069,76.40900000000001,111.4484776964834
4,Denmark,1965,1.069549730070023,13906.0383085461,215.5909672007551,207.6260404365905,77.048,112.3203209818268
4,Denmark,1966,1.173556988698625,14237.6107603764,232.2100329325522,222.5208244911502,77.619,113.2258909605853
4,Denmark,1967,1.178817517807383,14925.7215244861,245.8971980128032,237.4793313561012,78.163,114.1221147037999
4,Denmark,1968,1.284717433081124,15672.0550817448,261.6712467699634,251.1934087370497,78.69799999999999,114.8190464951617
4,Denmark,1969,1.40641800869199,16786.9533255485,286.1897110710445,264.3149356420964,79.22199999999999,115.4557469907954
4,Denmark,1970,1.462843471487842,16978.3413144713,287.4964215115494,270.973640266878,79.73699999999999,116.3265754071277
4,Denmark,1971,1.486966077427815,17269.5785566606,296.788757730511,277.2379010935914,80.239,117.1377389662497
4,Denmark,1972,1.522559117364466,17945.4747989397,300.3047522275441,283.7274679238604,80.73099999999999,117.8096766580127
4,Denmark,1973,1.581087170672386,18878.2838374012,303.871413406305,294.695697985701,81.211,118.5239792305877
4,Denmark,1974,1.553922395450654,18034.8864783383,279.468185916508,295.2434203696736,81.68300000000001,119.0771064432381
4,Denmark,1975,1.693722081748475,17828.4167760656,300.7987174353767,304.5261476324324,82.146,119.4208638187397
4,Denmark,1976,1.730869164427839,19011.8710271578,318.5745523593836,317.0978858826417,82.59999999999999,119.7214066556526
4,Denmark,1977,1.764791775205619,19349.3937008121,324.4622740383604,325.5110482658982,82.886,120.0948548501298
4,Denmark,1978,1.802420258576777,19963.9619666239,338.1497137286433,331.857391821999,83.169,120.4684446542365
4,Denmark,1979,1.79799839782708,20532.6425951155,318.9492810058472,334.1215800094043,83.44799999999999,120.7362199150543
4,Denmark,1980,1.733350224388823,20150.1530174744,293.771631498331,325.0829802631474,83.723,120.8831288343558
4,Denmark,1981,1.692839620335319,19282.974146973,276.4776127329656,318.8988837801996,83.91500000000001,120.8487966021708
4,Denmark,1982,1.711669639943648,19506.1853782657,270.8189635801251,316.2532064996666,84.02500000000001,120.760028315243
4,Denmark,1983,1.701113564581799,19682.6040833577,277.8485488816938,322.2722338825945,84.134,120.6771354412459
4,Denmark,1984,1.809602789253268,20211.5034725019,288.5582826106562,333.9202196883768,84.243,120.6139452571968
4,Denmark,1985,2.096333157400398,20744.9188953363,295.8723943233957,348.7681307887844,84.351,120.6628362435111
4,Denmark,1986,2.181413110429498,22368.8381887625,295.4769951727691,359.6173088651867,84.458,120.824303916942
4,Denmark,1987,2.141593251757745,22569.2785303235,294.9079231928698,367.056768716208,84.565,120.9489030431706
4,Denmark,1988,2.142502333553497,22539.3618615848,299.6384064305482,370.0584795321637,84.67100000000001,121.0076904930408
4,Denmark,1989,2.199667458598907,22846.8332752776,294.7827161080732,370.4403741231489,84.777,121.080301958009
4,Denmark,1990,1.993799187269096,23328.9539249303,300.5287555444638,368.2295719844358,84.843,121.2771644255721
4,Denmark,1991,2.101159071516626,23527.2877716905,318.9571111332717,369.2859914629414,84.871,121.5923095069592
4,Denmark,1992,2.088421443447288,24205.2685569911,334.147430951566,383.21083172147,84.898,121.880037709168
4,Denmark,1993,2.133511980431051,23936.9451729505,342.2870169146834,374.7735594526884,84.925,122.2867782229555
4,Denmark,1994,2.210834047228486,25330.6908856384,353.234041081945,374.0249759846301,84.952,122.7004477963705
4,Denmark,1995,2.222276149626637,26295.5087301399,355.0291561484343,387.6434583014537,84.979,123.3413386754655
4,Denmark,1996,2.232535586617251,27123.3178369744,356.6356847728153,397.6624857468643,85.006,124.0413386754655
4,Denmark,1997,2.247875161944457,28948.9596257521,364.8066761135449,405.545041635125,85.033,124.5578835729437
4,Denmark,1998,2.249152985576199,30285.19848673,370.6483461561448,412.8654970760234,85.06,125.0110534998822
4,Denmark,1999,2.249239401939081,30977.6271932199,367.9206974934604,419.1389358902049,85.086,125.4253829837379
4,Denmark,2000,2.232370267824503,32337.083675984,361.4492128272894,418.0344958794194,85.09999999999999,125.8452981381098
4,Denmark,2001,2.231850030128109,32129.6032014234,355.3045532912977,427.0246711893853,85.15000000000001,126.2970304030167
4,Denmark,2002,2.258213507576642,32652.9663540146,355.6593267287099,430.4302541310217,85.25,126.7011784115013
4,Denmark,2003,2.337413418311296,31182.9555443258,355.620755785933,443.7777835031961,85.36,127.0462880037709
4,Denmark,2004,2.401692064221024,32246.1289044272,350.4472087545931,456.8944379640329,85.566,127.3750412444025
4,Denmark,2005,2.443060453567828,31887.6490143638,338.9654118734214,470.1232302824635,85.85599999999999,127.7264199858591
5,France,1960,.7631702443523205,9274.13819014663,116.169088599585,157.9309645608758,61.88,85.4746925
5,France,1961,.7876294849658024,9621.90132577387,125.3652407077112,171.6789647463971,62.607,86.3709781104013
5,France,1962,.7832855898643721,10052.8526813577,132.5063332255265,171.207613814131,63.489,87.64269330089888
5,France,1963,.8347534237981526,10537.9410026502,143.4790202233135,207.8808807672727,64.702,88.93359887209944
5,France,1964,.8616085134943635,11133.8072477734,155.8310060145461,225.7907054476474,65.898,90.1465120186425
5,France,1965,.8811609765377926,11559.655286621,167.5627405736148,242.6083971763487,67.071,91.21360895307598
5,France,1966,.899651642272729,12064.3123652519,179.8906700175931,259.4548318566003,68.22499999999999,92.0996391302601
5,France,1967,.9217140363413844,12572.0924011136,194.3960809624166,285.8415904174058,69.357,92.82755686072547
5,France,1968,.9739123583616044,13008.8631614624,208.8713723621025,282.5251919777122,70.238,93.45911908336164
5,France,1969,1.023899443485904,13827.5449241707,220.2888110733939,301.7300713269216,70.648,94.08679684275504
5,France,1970,1.062706566599724,14512.6802374592,236.6473135885986,312.7758469488581,71.05500000000001,94.77541154856219
5,France,1971,1.144494340974337,15264.8519641933,254.6442569272058,296.3764392076893,71.459,95.55021495125702
5,France,1972,1.235580645028045,16002.8478320532,275.158750607227,305.3839875181766,71.86,96.38437375585774
5,France,1973,1.345064034796531,17102.8895150803,296.2484283872487,317.3016286780898,72.256,97.22864640974787
5,France,1974,1.324092462349312,17415.892641621,283.7873374835352,326.5437862608288,72.65000000000001,98.01000609972131
5,France,1975,1.356390930410335,17344.9471075532,294.6527493936818,331.0836597945546,72.926,98.67868896169594
5,France,1976,1.47161641242338,18082.8953602568,308.2755681709415,343.5716569858385,72.997,99.21729252729351
5,France,1977,1.47821141842999,18668.6713724885,311.1281335319359,359.7766769964744,73.068,99.6518100101175
5,France,1978,1.57324669260348,19549.7105489551,319.2684799066619,373.8959882286924,73.14,100.0282778696997
5,France,1979,1.574308249664409,20205.7486868443,320.2997063867827,385.2022286032329,73.211,100.4132451613139
5,France,1980,1.59584475561375,20261.8559297476,316.7062836228808,392.880869454464,73.282,100.8548193277157
5,France,1981,1.614801272426649,19534.897838329,321.8612599788251,390.7091158453882,73.352,101.367290883656
5,France,1982,1.616721776264124,19423.1645896623,320.3524166819459,400.6646627812934,73.425,101.9359383161117
5,France,1983,1.62208734430998,19132.1318031733,320.4815740102997,427.6998012406631,73.5,102.5444859615097
5,France,1984,1.640116952641813,18777.4917029712,320.3051931041659,430.5703644647788,73.575,103.1654156759185
5,France,1985,1.62692024543073,18567.1202417391,312.8191918093743,445.4580670822173,73.65000000000001,103.7777327299357
5,France,1986,1.692935362884527,19363.0152222216,319.3062254303701,454.3321533652305,73.72499999999999,104.3804125895326
5,France,1987,1.739303401507196,19787.7803202814,318.3214006879242,463.1226398179371,73.8,104.9787295047538
5,France,1988,1.834999705209814,20811.60102117,321.605020456778,473.4834573979017,73.875,105.5650350825289
5,France,1989,1.871161979888295,21612.488256819,314.0915911247108,482.4126501298755,73.95,106.1308079756596
5,France,1990,1.930175317238541,22161.6411816928,307.9651730218811,492.0841284216662,74.056,106.6706150491448
5,France,1991,1.985755025456191,22270.0878561169,300.7493270838405,496.0299855257595,74.229,106.9406646869966
5,France,1992,2.018038916137059,22553.1968600542,294.8382724309036,497.4772970349134,74.401,107.4741894127831
5,France,1993,2.028590676133672,22307.6708835128,284.0365327016854,502.0825161759451,74.572,107.9414591117783
5,France,1994,2.036045266179586,22813.7881924707,272.9841301910621,510.2880102415652,74.743,108.3445520722616
5,France,1995,2.044483479547297,23255.9349114447,257.9915446424548,512.8688443200541,74.91200000000001,108.7370490497949
5,France,1996,2.033236700616983,23511.8961083012,245.5983914853423,518.8651951761319,75.08199999999999,109.1229550410361
5,France,1997,2.067747816882561,24809.6843017662,238.2104187140133,529.009796818186,75.25,109.5097065924473
5,France,1998,2.13391410091036,26410.0327914719,235.6726435203033,541.0788602870765,75.417,109.9140158446653
5,France,1999,2.129085037276345,27423.4276144538,233.4554967504179,551.7733201761296,75.614,110.4806909121457
5,France,2000,2.162497360700866,28771.6497303311,224.3435046612309,560.993823671388,75.871,111.239662433387
5,France,2001,2.175347125309008,29660.3667259092,216.556808675963,569.821318263305,76.127,112.0517435341128
5,France,2002,2.158301469976593,29976.6102148457,207.3839863609715,576.1249465467373,76.38,112.8475706173426
5,France,2003,2.121541634093786,28384.0582511589,193.0514522928507,586.7465252966326,76.63200000000001,113.6495955593697
5,France,2004,2.109657502654496,28762.7099669957,182.1150515785583,597.268472542688,76.883,114.4888728613946
5,France,2005,2.068657260831864,29039.8343394322,169.2249963696798,608.2426343334643,77.13,115.3566921082423
6,Greece,1960,.277253509927416,4009.70474991552,17.40335884825771,9.627849024115477,55.936,64.6508921644686
6,Greece,1961,.3179309482558451,4527.57216689167,27.74453593393704,11.35714079409267,56.453,65.15166795965865
6,Greece,1962,.3255118555560672,4462.88814805889,26.63278818186004,12.81656689014621,57.34,65.54098525989139
6,Greece,1963,.3384583634299866,5012.7909717735,28.30313840529504,14.70518947305443,58.222,65.78452288595811
6,Greece,1964,.3090325998842126,5387.08217698208,36.42589580384255,17.32080247619176,59.099,66.02349883630721
6,Greece,1965,.3216249004570933,5941.6783513623,39.29671511039395,20.78362758557304,59.969,66.33307214895268
6,Greece,1966,.3471234207190423,6385.57219640158,46.4379158152565,23.68176371031342,60.833,66.82429014740109
6,Greece,1967,.3627323905515467,6672.10664733233,52.50983177508105,26.80045496383038,61.691,67.37073700543057
6,Greece,1968,.3718210019374735,7094.90741483117,59.94898615853418,30.64072638107073,62.543,67.81043444530644
6,Greece,1969,.4035216267073866,7893.43356904997,65.20179956966813,34.42417152130728,63.385,68.05868114817689
6,Greece,1970,.5060955512950018,8588.245622769109,71.87694121762723,39.10124734945835,64.22,68.21416602017068
6,Greece,1971,.5480670671028858,9209.80529897158,78.81295014537365,44.54132711691894,64.95099999999999,68.51075252133437
6,Greece,1972,.6322685570821504,10087.2339883466,93.94025714654724,50.12373797447714,65.45399999999999,68.95754848719938
6,Greece,1973,.6876403699102013,10858.9123774737,100.6821974835946,57.04367106289509,65.952,69.27141970519783
6,Greece,1974,.561257269843792,9986.61276072022,88.70765994548998,62.94643500325697,66.44799999999999,69.52693560899922
6,Greece,1975,.5604351983813483,10386.9352967829,96.9431299764186,71.83426019946864,66.94,70.18262994569433
6,Greece,1976,.7847063881194799,10974.3846152459,109.2711808144186,81.5921646019319,67.429,71.2812257564003
6,Greece,1977,.8465400201257369,11165.4169124609,124.1878506681919,97.13052379041798,67.91200000000001,72.21473235065943
6,Greece,1978,.8939593480735175,11817.1416379341,139.0249947004011,112.1901636244186,68.393,73.15716834755625
6,Greece,1979,.9226813938207368,11988.655116961,138.2451123545258,126.3809421776713,68.87,74.07492629945695
6,Greece,1980,.9800357894551259,11881.0327950084,137.6198404875082,133.5337514957211,69.343,74.80608999224205
6,Greece,1981,.9959555365980255,11852.0606159195,143.2778140369089,140.918130760265,69.746,75.47982932505819
6,Greece,1982,1.007200256029079,11528.264372907,149.1391859840219,154.2440758828574,69.94,75.9465709852599
6,Greece,1983,1.094791140153882,11430.7030608613,153.8597938156894,164.9964047970034,70.134,76.38965865011637
6,Greece,1984,1.143919527080223,11615.2176826972,163.402639159781,176.3200316765337,70.327,76.7711481768813
6,Greece,1985,1.175724510030903,11956.1175069144,174.7480949840452,189.505162621521,70.518,77.06982156710629
6,Greece,1986,1.196924355885642,12419.6923372424,182.6990152613373,200.0767197919827,70.709,77.32515903801396
6,Greece,1987,1.230926759857788,12298.9941584167,194.7884100895997,209.4306234621559,70.90000000000001,77.58413498836308
6,Greece,1988,1.339047799523024,13196.5142926545,207.9310087503386,219.2821704733384,71.09,77.86643134212568
6,Greece,1989,1.410377404306934,13832.9586890188,225.4819813631957,232.3767760864215,71.279,78.27384018619084
6,Greece,1990,1.485689238706842,14099.0617736271,233.6342321704,248.353968476742,71.467,78.7967571761055
6,Greece,1991,1.543442795895437,14915.0361047364,238.5852508879427,253.9377542965134,71.63500000000001,79.56782001551591
6,Greece,1992,1.565111834617728,15175.6391076847,244.1690181917491,258.2733796820457,71.75700000000001,80.4489216446858
6,Greece,1993,1.570871531756448,15209.4828772507,247.8613596944177,272.1923966078044,71.878,81.19106283941039
6,Greece,1994,1.566374033631084,15865.4599988992,250.6387972749072,283.9278455005477,71.998,81.8699379363848
6,Greece,1995,1.564735525373588,16541.7128436238,256.1502146104359,297.7993439652252,72.119,82.5010473235066
6,Greece,1996,1.595828174593874,16921.0872543305,269.8621079330776,311.0291134176441,72.239,83.08124903025602
6,Greece,1997,1.64153421183716,18086.9395233801,276.9914992839979,326.7342276934316,72.358,83.60359968968193
6,Greece,1998,1.779438258660917,18840.749167356,286.6667651141499,343.3636646900346,72.47799999999999,84.05647788983708
6,Greece,1999,1.789097805851186,19427.1110663827,290.8317696722652,367.3178743613563,72.59699999999999,84.42653219550039
6,Greece,2000,1.734832262604143,20260.4906801137,295.8557660090486,392.509557308725,72.71599999999999,84.69730023273856
6,Greece,2001,1.796057694449954,21314.2069333087,304.6084630749896,414.4087755347002,72.913,84.96325833979829
6,Greece,2002,1.811771837290507,22563.1867624511,318.0160315404895,421.8709079710893,73.303,85.2111947245927
6,Greece,2003,1.893209892902042,22977.1947859756,331.2663523054867,430.7308647457806,73.68899999999999,85.47962761830877
6,Greece,2004,1.92388941516204,24091.4702051024,337.3816416809782,440.7094066814926,74.07299999999999,85.76981380915439
6,Greece,2005,1.953499500086227,23661.8379505029,350.49404966937,451.2848827036639,74.452,86.05828549262995
7,Iceland,1960,1.480857074509893,9736.25008126725,244.9109777074054,118.4020694747833,80.3,1.75559102244389
7,Iceland,1961,1.563992425808109,10197.8350884565,262.5273000463612,125.5802067107479,80.803,1.785825436408978
7,Iceland,1962,1.480441719944292,10372.9574651586,241.2571691761067,135.1720948362843,81.297,1.819231920199501
7,Iceland,1963,1.508190010395738,11419.1508900721,247.7740731364427,152.2753003889142,81.78100000000001,1.851900249376559
7,Iceland,1964,1.481614748416524,12935.2012049498,238.1166559955128,162.8347903202226,82.256,1.885117206982544
7,Iceland,1965,1.664187720374858,14176.4283749631,254.8287446824002,175.3648182308597,82.72,1.918064837905237
7,Iceland,1966,1.636242777522115,14986.709110695,260.7761926675871,193.4437626102456,83.175,1.950822942643392
7,Iceland,1967,1.610054792177146,14517.8521399922,271.6967461798934,204.1020444340826,83.621,1.9825536159601
7,Iceland,1968,1.439291669975383,13088.235906568,258.0798856507583,209.2708281464246,84.057,2.00985536159601
7,Iceland,1969,1.376807674719353,13329.1936253602,250.7756836095963,207.2090726195972,84.483,2.028618453865337
7,Iceland,1970,1.36960838982968,14466.6379559017,259.2473023606179,221.1883453306796,84.90000000000001,2.039281795511222
7,Iceland,1971,1.455618201049986,17458.6687809144,281.419518869664,244.6849481827328,85.26900000000001,2.055840399002494
7,Iceland,1972,1.530097495899817,17162.4170367498,306.0194991799634,262.781620183689,85.63,2.086154613466334
7,Iceland,1973,1.789776607619738,19412.1029739612,376.795075288366,284.9190840718429,85.983,2.117875311720698
7,Iceland,1974,1.579859578363358,20435.1792903218,334.5584989475347,314.0969189387327,86.33,2.14672319201995
7,Iceland,1975,1.743287197390574,19357.6571035197,394.5334183568142,314.9779762148582,86.669,2.174354114713217
7,Iceland,1976,1.862332730724856,19570.1267287808,354.2974463330214,323.3480203380503,87.002,2.196049875311721
7,Iceland,1977,1.848520507306165,22332.9360900532,351.6697550484898,343.6123376889362,87.32599999999999,2.21245885286783
7,Iceland,1978,2.013089555644032,23011.3389950624,407.091443474682,370.9251132488266,87.64400000000001,2.229795511221945
7,Iceland,1979,2.170686867344453,23174.87910975,389.837641482269,396.9584164005575,87.955,2.251720698254364
7,Iceland,1980,2.016323453348412,24248.1846963206,394.4980669594719,417.5629507781855,88.26000000000001,2.275690773067331
7,Iceland,1981,2.426816320339755,25195.3595187503,398.6912526272454,435.4236542822408,88.533,2.301795511221945
7,Iceland,1982,2.052510048747113,25885.7551018794,410.5020097494227,452.3195712095408,88.8,2.332768079800499
7,Iceland,1983,2.025513024470729,22819.1724449199,392.4431484912038,454.2878135824499,89.062,2.363860349127182
7,Iceland,1984,2.171090263077688,24852.3741107197,396.6414903699621,470.7976526661205,89.319,2.389137157107232
7,Iceland,1985,2.029783972991446,24439.2919220799,410.0992108697003,484.1194767213711,89.56999999999999,2.408029925187032
7,Iceland,1986,2.138333744551361,25606.463697752,431.7789291882556,513.9154703310124,89.816,2.42573566084788
7,Iceland,1987,2.318402010908692,28475.1781096938,479.9498899775888,537.6843994712096,90.057,2.452458852867831
7,Iceland,1988,2.362456955233443,28830.9388506859,504.5247056939217,549.8827923238905,90.294,2.491172069825436
7,Iceland,1989,2.333380791925711,27533.0512224204,494.3603372723965,543.5897435897436,90.524,2.522214463840399
7,Iceland,1990,2.433032736063039,27283.9051578144,525.8490106974955,524.8173698124423,90.75,2.541905236907731
7,Iceland,1991,2.44378328684973,27760.9877216748,539.1839315430358,527.3964950669744,90.932,2.571541147132169
7,Iceland,1992,2.413266068329905,26295.9559796118,517.1284432135511,519.0832707204235,91.11199999999999,2.604059850374065
7,Iceland,1993,2.38885202388852,26207.6613748447,508.1050336524789,497.5105598314957,91.28700000000001,2.630673316708229
7,Iceland,1994,2.443416121283658,26662.6585833484,514.996936332094,494.0344774592085,91.45999999999999,2.653576059850374
7,Iceland,1995,2.243259006684912,26816.2296145618,508.4720415152467,504.8430580345474,91.63,2.668009975062344
7,Iceland,1996,2.491484329679157,27648.1785429524,580.1067991491767,524.6045075205672,91.797,2.682453865336659
7,Iceland,1997,2.139210999970494,29992.1651937886,497.91980171727,551.3307286019356,91.95999999999999,2.704518703241895
7,Iceland,1998,2.225895558061209,32630.0100028845,518.1592938437567,575.810857940014,92.121,2.733635910224439
7,Iceland,1999,2.235192749323133,33762.6324574897,522.7466913739586,612.078882203484,92.267,2.766892768079801
7,Iceland,2000,2.204797211998364,33563.7110055652,508.5258085738162,636.3819564502614,92.401,2.805037406483791
7,Iceland,2001,2.210774543106595,34149.444157978,505.3198955672216,649.4323144104803,92.532,2.842573566084788
7,Iceland,2002,2.191129057501487,33489.5049676062,504.3074814884374,672.4473544505398,92.66200000000001,2.868059850374065
7,Iceland,2003,2.176007957971961,32313.0874664336,500.8272284221179,680.6633039477242,92.789,2.887990024937656
7,Iceland,2004,2.259701308572485,34849.3835888333,510.1446893595458,688.9531574577894,92.914,2.913456359102244
7,Iceland,2005,2.224214279455674,36281.2962837371,502.1332236952961,697.5574017471167,93.03700000000001,2.959940149625935
8,Japan,1960,.4020515678540885,3888.83286559454,47.38349077452192,18.93946188964911,63.272,256.602127079356
8,Japan,1961,.4249918372075877,4315.92599947215,50.57771505008268,22.56035616209153,64.21299999999999,258.9119170984456
8,Japan,1962,.4627890474997913,4673.83973393272,58.28950663661407,26.66174925536885,65.14400000000001,261.3362421598036
8,Japan,1963,.4995248522910383,5022.36571239332,66.84088749328595,42.55015762436591,66.06399999999999,264.0087264794109
8,Japan,1964,.5560893831905629,5575.19550641566,72.84362030544027,53.97156075290015,66.97199999999999,266.7739296427598
8,Japan,1965,.5704721741856538,5857.11448193035,77.31359283193268,71.32385736569965,67.866,269.6563948731933
8,Japan,1966,.6151919029962922,6422.60045249317,85.42940174366169,82.1829116418475,68.70399999999999,272.1298063812381
8,Japan,1967,.6905931993050385,7072.48121262754,98.64482501861504,96.56611584042771,69.51600000000001,274.6795745841287
8,Japan,1968,.7687436300848002,7927.46756908524,112.229247682093,115.7815699917822,70.316,275.5958549222798
8,Japan,1969,.8458690342340945,8819.4228739553,125.7705579033071,137.2426674735456,71.102,281.3526043086992
8,Japan,1970,.9190665580526139,11451.3917505599,141.0417365470315,159.5558227602616,71.877,284.5514044177802
8,Japan,1971,.9752405460892929,12022.6604811291,152.9087864367011,179.0669447178455,72.666,288.2383419689119
8,Japan,1972,1.002351009441355,12944.108570885,163.6657088480054,198.0916585897619,73.452,292.3840698308783
8,Japan,1973,1.089295792892236,13771.3988554933,181.339575680752,219.7023560407581,74.22,294.8145117294054
8,Japan,1974,1.085764601223652,13225.8510758332,176.0861277028376,235.7795986348777,74.97499999999999,300.4964539007092
8,Japan,1975,1.114793639449705,13520.2199586691,185.108093621583,249.9220686020221,75.71599999999999,305.4297407912688
8,Japan,1976,1.162887621817666,14193.2150567886,194.6067694708746,258.533851623406,75.944,307.6971350613915
8,Japan,1977,1.206186381879979,14970.5209062658,201.6194900889666,272.7727886789344,76.002,310.7614628820961
8,Japan,1978,1.277916064683458,16057.9496421327,212.1098713641665,286.9885520167992,76.06,313.5862445414847
8,Japan,1979,1.332268922067835,16782.9491730188,218.7278846983689,303.6644633297201,76.118,316.2390829694323
8,Japan,1980,1.337877412614958,17075.4535870381,217.7732869791577,319.7188511750966,76.175,318.8151788151788
8,Japan,1981,1.298449612403101,16901.6251786299,219.5362437100503,331.5009807103687,76.273,321.0917030567686
8,Japan,1982,1.243995305996674,16523.5904382716,219.0563027125598,344.7334270447955,76.383,323.4543965046423
8,Japan,1983,1.269338163157498,16195.437715023,220.2433359327179,357.9044279206748,76.493,325.6663025669033
8,Japan,1984,1.301388125114566,16232.0618916547,221.6667499875019,371.1697777047083,76.60299999999999,329.0869207567864
8,Japan,1985,1.308859333852295,16559.9409676831,222.8083541746029,383.7978818487517,76.712,331.1958310477235
8,Japan,1986,1.346014552398512,17676.3593950093,226.9120600533369,397.1914370990418,76.83499999999999,333.1285988483685
8,Japan,1987,1.388390626663718,18781.2988078959,231.1800214594032,411.4956999085076,76.962,334.8628634119583
8,Japan,1988,1.455636841117989,20654.8393915521,236.6877900385767,429.468464989804,77.08799999999999,336.2945693911136
8,Japan,1989,1.552844471880178,22288.6590163427,251.5595048572079,447.9982909918218,77.21299999999999,337.674163466813
8,Japan,1990,1.697143365955139,23989.2339202212,265.4994050365477,469.6620181405896,77.339,338.828853538124
8,Japan,1991,1.782829383236094,25420.3773978923,273.9164467685058,488.3402841306557,77.473,339.8820625342842
8,Japan,1992,1.812539745148073,26245.9611959166,279.2101683181866,504.6615844744585,77.61,340.726823916621
8,Japan,1993,1.845731354788977,26914.7723833404,284.8975396672448,517.5873020543562,77.746,341.568842567197
8,Japan,1994,1.934603596322052,27835.5394146105,296.3484607197446,530.6481311965398,77.881,342.7345035655513
8,Japan,1995,1.986702700117189,29157.2169322703,302.8324524270761,543.7963549256413,78.01600000000001,344.0455293472298
8,Japan,1996,2.02574725073751,29781.221543381,310.1676990481945,557.6735487719995,78.145,345.0233196159122
8,Japan,1997,2.034720955500393,29987.9777671031,316.850528586497,569.5538198049279,78.27200000000001,345.9286694101509
8,Japan,1998,2.022624792342378,29264.4878819946,324.5154655486116,576.5718743817334,78.398,346.803840877915
8,Japan,1999,2.034425582313462,28931.5773900757,332.5227003553099,582.0299670236378,78.523,347.4622770919067
8,Japan,2000,2.021281626862142,29551.8142613552,338.9847875778356,587.9706892134255,78.649,348.0658436213992
8,Japan,2001,2.03202541899661,29710.3154303534,345.5158908052757,594.1585052610876,79.98999999999999,348.8312757201646
8,Japan,2002,1.985640864686728,29789.1902065593,345.1998901486916,598.8678636393394,81.64700000000001,349.6433470507545
8,Japan,2003,1.962057031898401,30138.7894607904,348.5021688407273,610.5960991136005,83.196,350.3923182441701
8,Japan,2004,1.961240128051596,30648.6655591292,353.7307942173277,622.5485490058392,84.64,350.5102880658436
8,Japan,2005,1.919106540505428,30707.3767503983,347.6556079922989,634.0842062174156,85.97799999999999,350.5432098765432
9,New Zealand,1960,1.340753857829497,12183.8500845357,338.5614301374484,270.6329244605402,75.998,8.85106906974141
9,New Zealand,1961,1.413398355167996,12525.1854489733,361.6150762491218,278.0991647862469,76.52500000000001,9.189548441001101
9,New Zealand,1962,1.361804995970991,12673.9295049866,357.3730862207897,286.7338687624941,77.133,9.426151684326459
9,New Zealand,1963,1.362666877320484,13474.9204511275,359.0330989809622,294.5849558077536,77.73,9.615282366791995
9,New Zealand,1964,1.4813955287383,13904.5319138638,395.6834532374101,309.9613717002502,78.31699999999999,9.818844707758915
9,New Zealand,1965,1.548470552427332,14410.6094467159,408.613605235124,332.5094912347181,78.89100000000001,9.982150317116707
9,New Zealand,1966,1.621884225867932,15007.3574691778,421.166710265705,343.8806190414256,79.42100000000001,10.16254604838403
9,New Zealand,1967,1.600528614955398,13826.2646128125,419.5881208472523,360.1470866036271,79.852,10.34560024305951
9,New Zealand,1968,1.688439285324406,13556.5545150049,446.4903023907427,364.5818181818182,80.277,10.43674755991037
9,New Zealand,1969,1.644547028274668,14865.144841081,436.0213502596653,373.1046957098943,80.69499999999999,10.53055334016938
9,New Zealand,1970,1.721990963105276,14157.9242086724,441.171238481517,381.8149543941733,81.10599999999999,10.67449014469637
9,New Zealand,1971,1.752541184717841,14526.5870673791,452.155625657203,396.6666799400289,81.491,10.83513729064601
9,New Zealand,1972,1.91811012775922,15386.9789336707,502.0834050759324,410.689641666753,81.819,11.02844555846721
9,New Zealand,1973,1.911322729882146,16674.7387968918,475.8045453010502,427.0945890904171,82.14100000000001,11.24643955793551
9,New Zealand,1974,2.05046796970599,16111.6333497055,495.7502397724642,442.4584381160466,82.45999999999999,11.48342258174775
9,New Zealand,1975,2.117998118776556,15084.5703021107,501.4433524699166,441.4006267845474,82.774,11.70901219095363
9,New Zealand,1976,2.115415528050153,15601.1529795658,492.2038257514869,453.8187478164254,83.02800000000001,11.81307204435836
9,New Zealand,1977,2.118453945259919,15070.6382360852,498.3654893917056,475.3054458327578,83.128,11.84991075158558
9,New Zealand,1978,2.133794694348328,15156.0088426364,505.8951685249264,482.7330982470032,83.229,11.85370855645437
9,New Zealand,1979,2.135734963010614,15235.149939123,495.3361209392087,497.451628206672,83.328,11.80737533705518
9,New Zealand,1980,2.14590895949115,14965.3153113435,492.7880754280574,492.2868739701383,83.428,11.82218677604345
9,New Zealand,1981,2.108867483759481,15517.1840856484,494.4158213062818,500.8367477305599,83.511,11.86776043446888
9,New Zealand,1982,2.113367764012547,15284.5285948407,498.0830772155509,507.5961662573744,83.55200000000001,11.986251946375
9,New Zealand,1983,2.100459475510268,15966.5566145823,490.4197793267277,516.155484014697,83.592,12.15031711670654
9,New Zealand,1984,2.193920237984568,16391.634376659,495.4913079854978,532.9538741953169,83.633,12.25589609205879
9,New Zealand,1985,2.211203843429522,16306.8226056526,470.8817098333898,552.9846153846154,83.673,12.33185218943451
9,New Zealand,1986,2.291839940855743,17283.2454448223,491.9446754766965,580.8536585365854,83.78,12.32881394553948
9,New Zealand,1987,2.342413877351576,17951.2414234615,498.4119227950159,545.4545454545455,84.02500000000001,12.43553226235236
9,New Zealand,1988,2.491319973198514,18600.9423894728,522.6289821526467,503.4638554216868,84.268,12.46971250617143
9,New Zealand,1989,2.63094083414161,18914.7261453201,533.7657613967023,526.2162162162161,84.506,12.52971782309825
9,New Zealand,1990,2.573728151840951,18694.8576828519,548.0809658237732,540.922619047619,84.742,12.6459306520831
9,New Zealand,1991,2.452004234499728,18208.7346434494,522.4457097078767,549.8240469208212,84.93300000000001,13.2737077968934
9,New Zealand,1992,2.534190333267265,18388.2348349688,525.8091004332192,548.1976744186046,85.03400000000001,13.41270745509096
9,New Zealand,1993,2.614635238788422,19611.7972813254,526.0063826213537,556.6666666666666,85.134,13.56651855227678
9,New Zealand,1994,2.762430939226519,20634.6541189942,535.9116022099447,576.5329512893982,85.23399999999999,13.74805362500475
9,New Zealand,1995,2.904665977024011,21508.1543736701,545.5436380464964,586.6949152542373,85.333,13.95085640499791
9,New Zealand,1996,2.893890675241158,22003.3351451118,540.9967845659164,576.6946778711485,85.42100000000001,14.17340777030876
9,New Zealand,1997,2.914341628540449,22550.1771526634,549.2819929653823,555.7572357347942,85.485,14.3606395503399
9,New Zealand,1998,2.933158584534731,22845.7069502335,553.0799475753605,573.6392498281675,85.54900000000001,14.48862557441799
9,New Zealand,1999,2.990795546400355,24060.1375241102,559.8289483976949,596.1862724035337,85.613,14.56496145228058
9,New Zealand,2000,3.102885138813283,24233.6029418626,546.1803665396479,606.7203396412021,85.67700000000001,14.65079184231514
9,New Zealand,2001,3.100115964437572,24785.3058777833,546.0636515912897,609.9690915750446,85.764,14.73738179332346
9,New Zealand,2002,3.165759149043941,25206.3943029214,554.8942636444219,611.8304431957606,85.90000000000001,14.9956325244009
9,New Zealand,2003,3.233015494636472,25618.8224659263,563.4187524831149,620.1219286630029,86,15.29451976757434
9,New Zealand,2004,3.261162079510703,25733.0281671582,575.4128440366973,628.6987495156915,86.026,15.52352740116213
9,New Zealand,2005,3.239072062701082,25515.0427225451,555.649628679939,638.1880298017749,86.05200000000001,15.69974554707379
10,Poland,1960,.8708576480095284,,26.79042900114551,8.034506234468513,47.892,97.2743402914533
10,Poland,1961,.8707115204912562,,29.20170871712722,8.91115548566899,48.527,97.828855006693
10,Poland,1962,.9040368213537456,,31.83925301483082,10.17184394156807,48.926,98.9536060596167
10,Poland,1963,.9129981766084918,,32.85360771034124,11.50326783045267,49.326,100.2709850142022
10,Poland,1964,.8866566365173437,,37.73348598000285,12.39368520145755,49.727,101.6665578373437
10,Poland,1965,.8526011330913231,,38.51174830934697,13.68219521098477,50.126,102.6639785823892
10,Poland,1966,.8601369906252959,,40.65528234588555,15.41534514542898,50.526,103.434653433021
10,Poland,1967,.8587822205507178,,50.45775405783978,17.07716535433071,50.926,104.434212674263
10,Poland,1968,.8766156504845771,,56.85151304449606,18.73753010257349,51.326,105.4381631786869
10,Poland,1969,.8722421754746025,,53.76624892851547,20.67801906427481,51.726,106.2662835874498
10,Poland,1970,.8715937583233071,4616.7311762401,57.27966005700413,22.72671465547407,52.125,106.6450096313951
10,Poland,1971,.8461573657480135,4916.27923213526,56.79686427623652,25.80182986845225,52.668,107.0341832903458
10,Poland,1972,.8712580148930668,5105.16846740556,63.04519802212329,29.27124308838447,53.324,107.922720297757
10,Poland,1973,.874174091350593,5276.36095978782,69.67011619680309,33.7859706048765,53.977,108.9072447680303
10,Poland,1974,.869980933759147,5603.10992243757,67.40125322980423,38.77411852918221,54.629,109.9575532991609
10,Poland,1975,.8975399497148319,5861.67992580694,73.29076628362515,45.69958786244529,55.28,111.0555323386333
10,Poland,1976,.8659256089858338,5985.15649399495,76.14324010443499,52.80267659405715,55.929,112.1691860654935
10,Poland,1977,.8705917285137529,6108.18957400745,84.08993616141117,60.98847128154148,56.575,113.2555747820693
10,Poland,1978,.863706042510353,6129.51036456955,89.37355572333951,69.72293964660494,57.22,114.158477260113
10,Poland,1979,.8168020754659864,6065.75637316752,90.61708332887672,78.44016255414658,57.712,115.0779228835417
10,Poland,1980,.7800608025771522,5353.4212234831,88.91287634419938,86.20572912177049,58.086,116.1453197949656
10,Poland,1981,.7167413023805088,4995.84521724862,87.46862376505237,91.22562286353056,58.459,117.2045675666852
10,Poland,1982,.6519372458786844,4997.83360990907,81.11954130556533,96.53878123632209,58.831,118.288161546247
10,Poland,1983,.6811257458203872,5357.07410419331,84.95614982994552,104.3407296624825,59.202,119.4025531359169
10,Poland,1984,.6679468484479273,5821.96558703774,83.16141492440929,112.1873574943523,59.573,120.4875575435045
10,Poland,1985,.6429781716706022,6289.02675324562,77.52295347399736,121.467021456025,59.942,121.4596787358386
10,Poland,1986,.6570355033312447,6634.25602255013,81.26843039985002,129.8413760851815,60.31,122.2897221587385
10,Poland,1987,.6618341886338938,6978.02374967606,76.29809298571243,137.3450907844213,60.676,122.9816350517483
10,Poland,1988,.6321301859295541,7468.11025794827,78.30905941962941,146.2857172382845,61.043,123.4923993600836
10,Poland,1989,.6232625666895557,7927.43694184506,86.42960614152291,156.3515887565542,61.225,123.9398250024487
10,Poland,1990,.5263602305510288,7113.6453443796,79.55753833652639,167.5052356020942,61.27,124.4271180906984
10,Poland,1991,.5464596175624591,6747.55088112345,92.47979269466114,191.9686722313442,61.315,124.8692187142904
10,Poland,1992,.5546915001634229,7221.14115912176,97.77480343576124,203.2343669241919,61.359,125.2527571908975
10,Poland,1993,.5376818238167465,7800.96096988933,99.63233795289034,210.11184338697,61.404,125.571869796598
10,Poland,1994,.5534128788024238,8475.83145790357,110.0339436943779,221.4620986561208,61.449,125.837121682066
10,Poland,1995,.5733903652488854,9378.9433899102,111.3874911976935,231.7844242762199,61.493,126.008025074276
10,Poland,1996,.6511433066739988,9839.09595738341,116.3514123337157,247.4956058736516,61.538,126.1039211205067
10,Poland,1997,.6884924731550032,10484.1972005815,125.5638471334547,261.0328318848365,61.583,126.1864899278462
10,Poland,1998,.7304050041433156,11075.6978368062,127.9760609242608,272.0480707753686,61.627,126.2316138300304
10,Poland,1999,.7938382014963112,11585.0820508437,147.6968436149865,285.3782242760198,61.672,126.2211335662281
10,Poland,2000,.7075527980890272,11967.1891890241,129.6439556158691,308.6492033010545,61.716,124.9098207581051
10,Poland,2001,.704610605772693,12276.4740515345,120.3197776536524,324.2449981473119,61.761,124.8753664827451
10,Poland,2002,.6777335418517072,12662.4686241981,110.2265204694363,370.3263350299083,61.787,124.8175389336903
10,Poland,2003,.7407490779244473,12554.987609217,105.3538882913746,377.5966406477747,61.676,124.7536899164054
10,Poland,2004,.8388720803100458,13208.3360859978,107.0131539227864,386.9849594610043,61.564,125.4755898784095
10,Poland,2005,.9013388943846979,13440.3378392896,103.3395523096875,398.4231696731921,61.452,124.5893154441289
11,Portugal,1960,.1998257790157192,3656.6014885909,22.57918406957279,23.5560590936789,34.955,96.8056830601093
11,Portugal,1961,.215022068879632,3867.95108653569,24.07799208808379,25.11891301431721,35.344,97.58815300546448
11,Portugal,1962,.2490553408750404,4168.46520559627,25.23909034760454,25.4977398671825,35.722,98.29491803278688
11,Portugal,1963,.2546965207901572,4407.12285841516,25.80186493222027,28.39184622492933,36.101,98.6924043715847
11,Portugal,1964,.2412741488584025,4508.8946370338,28.66513970381938,31.72531406846148,36.483,98.74715846994536
11,Portugal,1965,.2511503184663828,4795.09245865402,31.67161095704385,43.38268924651797,36.866,98.34530054644809
11,Portugal,1966,.2888817477121797,4918.67496265301,35.27044594160334,48.53714814727218,37.25,97.60644808743169
11,Portugal,1967,.3087490929086869,5259.21452399733,39.32607059311377,54.69037127900204,37.636,96.98928961748634
11,Portugal,1968,.3202571110092626,6141.1065966676,43.11588667651203,60.71346668312825,38.025,96.57540983606557
11,Portugal,1969,.3414136466117551,6417.53515147994,49.3279917512636,65.42857554269574,38.414,95.71262295081968
11,Portugal,1970,.4089658681694491,6807.17680997766,54.60558352459687,77.19026581245298,38.804,94.86809836065574
11,Portugal,1971,.4511927453759685,7311.66352717224,63.97681748536169,87.25250500228181,39.197,94.46727868852459
11,Portugal,1972,.4936022886461045,7857.7684440877,70.91187808718685,98.33891499709858,39.591,94.32163934426229
11,Portugal,1973,.5502079206773928,8590.56924866742,82.70493797129653,109.4766202800022,39.985,94.35081967213115
11,Portugal,1974,.5380173205024008,8386.644235057031,78.0182229093715,121.4683012015448,40.382,95.67612021857923
11,Portugal,1975,.5872345760199351,7782.18406656541,88.41509346817001,126.8292770146978,40.779,99.38218579234973
11,Portugal,1976,.5771814519533851,8104.13775563663,83.47753962510997,136.711491204548,41.179,102.2492896174863
11,Portugal,1977,.5943520689956032,8416.971768250991,80.37501288908513,148.1211533780535,41.578,103.3407103825137
11,Portugal,1978,.6015745560118223,8561.41776336859,78.78011142206994,156.122461133876,41.979,104.4617486338798
11,Portugal,1979,.6479482759245295,8816.383697303039,77.42257354497573,167.7225699371049,42.381,105.5875956284153
11,Portugal,1980,.6952470902015009,8935.289350295379,76.89699038900251,177.4923234390993,42.785,106.735650273224
11,Portugal,1981,.7115767342627344,8660.03779135422,79.0753603410371,190,43.221,107.6651584699454
11,Portugal,1982,.7526404716170298,8707.572475183741,81.82190649884869,204.340770791075,43.738,108.3253661202186
11,Portugal,1983,.7310804072961423,8555.80232770399,81.74443015646426,216.2044534412955,44.257,108.8291256830601
11,Portugal,1984,.7082668749584844,8251.58189900457,81.03053230457236,226.5858585858585,44.777,109.2484371584699
11,Portugal,1985,.664431078893409,8535.38634701682,85.29858445253224,239.2330978809284,45.298,109.5476830601093
11,Portugal,1986,.7086802062129824,9436.267277148419,93.69330433758137,254.1775983854692,45.82,109.6473661202186
11,Portugal,1987,.7756705836701802,10159.9527205545,104.386516851244,257.8405650857719,46.342,109.617825136612
11,Portugal,1988,.8523285836474672,11060.0009317723,115.6731649235848,283.4828379423612,46.867,109.5039344262295
11,Portugal,1989,.9045477261369316,11836.7274813731,126.1369315342329,310.7553655856528,47.391,109.344262295082
11,Portugal,1990,.9696272284147255,12756.3115165649,137.1301317871652,340.6833712984055,47.915,109.1062076502732
11,Portugal,1991,1.047164047836221,13344.5270106078,151.3016510152622,370.596762258107,48.469,108.8550273224044
11,Portugal,1992,1.134389028518882,13941.1682212375,170.0076382864436,406.6996311757792,49.13,108.7704262295082
11,Portugal,1993,1.18117249182738,13905.4924621848,180.1363315913464,439.2551707405834,49.789,108.9035519125683
11,Portugal,1994,1.239050094955475,14734.4141278216,185.2570053120019,473.2196002865185,50.449,109.1969945355191
11,Portugal,1995,1.298600782591488,15379.3010859419,188.5065652148935,500.9475042335296,51.109,109.575693989071
11,Portugal,1996,1.380174474323936,15870.7888371808,195.2514645101896,532.9924200481171,51.77,109.9884699453552
11,Portugal,1997,1.416562724398325,16997.8872508748,192.7989350455541,568.0656402840127,52.428,110.4806229508197
11,Portugal,1998,1.5442615477103,18097.7768696377,199.5040253160471,609.2018060518368,53.086,111.040393442623
11,Portugal,1999,1.616781961880744,19264.2305687341,203.4678994400767,653.3374543264927,53.743,111.6702513661202
11,Portugal,2000,1.735682899869367,19823.8224357692,206.3188575824561,689.9088699561242,54.399,112.4579016393443
11,Portugal,2001,1.730240375067478,20146.6365755611,192.516985402098,731.7642079823067,55.044,113.2537923497268
11,Portugal,2002,1.771655829270729,20287.1138586637,198.3755470803141,769.5950149410369,55.666,113.8757486338798
11,Portugal,2003,1.857761979098791,20070.159657047,191.7042083424126,768.5985634854894,56.287,114.3040546448087
11,Portugal,2004,1.892432568497427,20296.1110992663,183.8063286035555,768.0183157810446,56.907,114.5777158469945
11,Portugal,2005,1.814662587960199,20871.0465471061,172.1358845242414,768.3452464995313,57.522,114.8281403738931
12,Spain,1960,.5411262518469874,5065.62894460965,23.60860285667378,14.14449882458469,56.567,60.9371243347073
12,Spain,1961,.6076921200094342,5587.82253505422,24.69155883764243,17.0091036589472,57.303,61.50556244747689
12,Spain,1962,.676586802347624,6081.75878881614,26.30275515558176,20.37335069898466,58.308,62.07404457961503
12,Spain,1963,.6901696925974604,6608.47879630318,29.04464123014312,25.18636557414901,59.306,62.62085517627757
12,Spain,1964,.6463309173169389,6887.67002620896,33.85090952173885,30.49810727524795,60.298,63.24621833606787
12,Spain,1965,.6443578846935492,7202.31823778404,38.148239992299,37.25826415575673,61.278,63.93671615510825
12,Spain,1966,.6817788847039112,7712.6648622904,44.45037253748809,46.90954086543105,62.251,64.59480971627517
12,Spain,1967,.6890443508659119,8059.08889427863,54.30966797455566,57.5740918532028,63.214,65.39466765376766
12,Spain,1968,.7531754620387185,8523.597607330939,62.90555282384326,68.12272899829377,64.16800000000001,66.25542038496938
12,Spain,1969,.6462116893803646,9241.44870558191,72.48575358898675,80.22434865442632,65.108,66.91154908159591
12,Spain,1970,.6828425329926947,9549.37839729631,81.91744549111149,92.32386360864501,66.038,67.65883188602986
12,Spain,1971,.7393611977744994,9940.78894009983,89.72943650206345,96.03281269926427,66.848,68.41345792148546
12,Spain,1972,.7790693512291282,10677.7960117001,101.6442044181753,119.083786608345,67.541,69.03578574572812
12,Spain,1973,.9210998822962448,11352.965163454,117.2700598508128,135.6138817334439,68.224,69.66479450958421
12,Spain,1974,.989636044348211,11503.4936731172,117.9939727495366,150.4088533899898,68.901,70.34384792396199
12,Spain,1975,1.011518903709395,11536.5230094296,127.6360108047331,164.2387710845078,69.56999999999999,71.11407441506715
12,Spain,1976,1.097679966439096,11959.0952300081,134.7266513941217,179.1214840518722,70.23099999999999,71.94074303901355
12,Spain,1977,1.0703862106321,12335.0817879954,139.2354423488557,195.3947812420571,70.883,72.80708251591464
12,Spain,1978,1.115736478556679,12718.6425013085,147.9150888198378,211.6689497566792,71.527,73.81439753368166
12,Spain,1979,1.24646774776127,12835.2673172576,154.3770600688587,223.9699973211894,72.16200000000001,74.47075909837051
12,Spain,1980,1.192872626124044,12910.4408787432,144.7953987061899,237.9499467518636,72.789,74.95752497647506
12,Spain,1981,1.116305758717492,12046.5375603827,149.8388100058727,248.3695076760191,73.279,75.5627197373163
12,Spain,1982,1.118525633516025,11659.2110553446,151.4384611258972,259.5813586097946,73.515,75.96765506747288
12,Spain,1983,1.123485599514134,11307.849261722,150.226524128355,269.5728511530398,73.749,76.33187633902649
12,Spain,1984,1.160179029653011,11137.7416550465,151.5469162579851,270.3653444676409,73.982,76.64299014896685
12,Spain,1985,1.143970674578554,11040.8222907345,153.4144062790898,282.9953198127925,74.21299999999999,76.92378864328047
12,Spain,1986,1.173200366819091,11816.8387443529,165.8725225549133,295.6946604458269,74.444,77.15765056863687
12,Spain,1987,1.237871730395575,12717.8520888587,177.0865852705172,313.6901991207654,74.673,77.34827006246996
12,Spain,1988,1.466324553543951,13685.5342919494,196.4053532701814,331.8085655314758,74.90000000000001,77.5185187409899
12,Spain,1989,1.547505040605186,14667.783029854,200.1212998537075,353.772856039145,75.126,77.66993632868812
12,Spain,1990,1.620059080419563,15624.24545165,209.6501622182609,371.3679609154024,75.351,77.78799255165785
12,Spain,1991,1.680318386820387,16403.6111341576,219.1630309204521,388.9142710472279,75.52800000000001,77.96541926958193
12,Spain,1992,1.7646270599954,16881.476927934,235.3348011255833,406.5480153649168,75.61,78.22309987185648
12,Spain,1993,1.73261136940091,16858.9761151036,225.8518885208755,416.4614205416453,75.69199999999999,78.46668268460677
12,Spain,1994,1.78699730171551,17568.3510239956,233.1087337469961,425.5700076511094,75.774,78.67805341983021
12,Spain,1995,1.813795647433772,18531.831328379,216.6703815117555,440.2419765664799,75.85599999999999,78.86235984302419
12,Spain,1996,1.935245960895974,19111.4458585871,230.329731968941,456.6349407104009,75.938,79.04490229056543
12,Spain,1997,1.929139590352917,20429.1839444574,226.6157952523006,473.6927198043392,76.01900000000001,79.25359002082332
12,Spain,1998,2.109206017113118,22033.3300297002,226.7560109350424,496.5910828582869,76.09999999999999,79.53129104597149
12,Spain,1999,2.205064595569012,23111.6521702344,223.6121843393928,520.2514640762255,76.181,79.94207111965402
12,Spain,2000,2.233055600923682,24135.0642939738,211.7068840203922,534.0530042204371,76.262,80.68780761523045
12,Spain,2001,2.305918090442681,24894.7417899915,208.092054958974,552.6424074122658,76.343,81.75399382171227
12,Spain,2002,2.30959212298992,25741.4886538835,195.3583304784242,564.3229941461982,76.533,83.02251923693491
12,Spain,2003,2.384347360465368,25597.8114786464,186.9267649331931,575.7091905248444,76.77800000000001,84.50881392600309
12,Spain,2004,2.44560497620154,26387.691246195,175.5281308059674,586.8709249964058,77.02200000000001,85.98480508033174
12,Spain,2005,2.48985439884013,26954.9023594437,166.3110031794953,598.037955563381,77.26300000000001,87.46549720491294
13,Sweden,1960,1.020754995286356,11377.2173793373,207.2239525771124,175.0267375216083,72.48999999999999,18.1721004810262
13,Sweden,1961,1.09308539709718,11959.0140214544,225.0000598404414,189.1356387775899,73.295,18.32626114929083
13,Sweden,1962,1.125424976869938,12319.2083932465,231.1683736273386,204.1666682119723,74.271,18.4276161232149
13,Sweden,1963,1.196686939332443,12858.613807057,250.2522247856747,207.5789499731936,75.223,18.53177365111858
13,Sweden,1964,1.310473318423871,13619.086435755,271.8840560036777,236.2402135832109,76.15300000000001,18.67074621045962
13,Sweden,1965,1.358960404341794,14022.0856241675,287.1789779298882,250.2587315946564,77.056,18.84742652434566
13,Sweden,1966,1.406286562009745,14145.5281035937,295.8581018435802,260.3457125348401,77.914,19.0276283082322
13,Sweden,1967,1.385370563112463,14499.9719002572,305.5441131855376,270.1524816920582,78.727,19.17417507432861
13,Sweden,1968,1.481243126975017,14933.0156392865,318.4925494860959,280.9860989728288,79.51900000000001,19.28223668177609
13,Sweden,1969,1.542405741313582,15583.9784443108,333.0793195643814,294.8306225668666,80.28700000000001,19.41821903787103
13,Sweden,1970,1.729496974996646,16515.6933391306,343.2883643397369,304.3391685520597,81.03400000000001,19.6003338694741
13,Sweden,1971,1.710228301277769,16477.7054538888,348.7136983977198,310.323553048225,81.563,19.73566798264854
13,Sweden,1972,1.740886202184111,16759.977733672,361.7202024057225,322.3344106886675,81.886,19.79407320758396
13,Sweden,1973,1.8460452352368,17314.41770277,381.9912510729677,326.2012993270367,82.203,19.82822050007311
13,Sweden,1974,1.830892449774539,17489.6985358347,355.3941167567713,342.8011167372817,82.517,19.88583857289077
13,Sweden,1975,1.881003174025018,18246.9034590981,396.4632257776288,356.1088803923835,82.73,19.9649973192962
13,Sweden,1976,2.005524984171069,18338.2114503184,416.5508229706435,370.1532418894768,82.80200000000001,20.03773943559
13,Sweden,1977,2.075976120821083,17626.9030196808,431.3134275541293,368.6379124378572,82.873,20.10903153482478
13,Sweden,1978,2.126734270232282,17583.8260151215,442.1432212943135,368.052198112126,82.944,20.16766340108203
13,Sweden,1979,2.087131909389296,18196.376147071,438.4062173621884,368.7002798356974,83.01600000000001,20.21172198664522
13,Sweden,1980,2.00468538051299,18391.1765277451,423.077658936595,369.971544626991,83.087,20.25279280596579
13,Sweden,1981,1.965025431755749,18165.7402227552,415.9604293153912,371.5592621103389,83.09999999999999,20.27709460447434
13,Sweden,1982,1.975913553721967,18200.5605702285,418.725510533421,377.388896814452,83.09999999999999,20.28869474094653
13,Sweden,1983,2.013439015069336,18496.9494090694,429.4616193740617,386.7681130697733,83.09999999999999,20.29788224399279
13,Sweden,1984,2.111171154204859,19487.2640321903,446.1048592322654,396.1105268955644,83.09999999999999,20.31633523419603
13,Sweden,1985,2.173552216628069,19905.7309225723,449.0810364934028,404.7073158271238,83.09999999999999,20.3499195788858
13,Sweden,1986,2.309485653769032,20911.2137958432,470.1410267760548,417.2634660917507,83.09999999999999,20.39730223716918
13,Sweden,1987,2.339897430328214,21713.9872764736,487.5084010057867,430.9679379202701,83.09999999999999,20.46547740897792
13,Sweden,1988,2.457183314053986,22519.3898264318,503.4084676694298,444.9875681058787,83.09999999999999,20.5597528878491
13,Sweden,1989,2.505603461877385,23422.7783445838,518.3113928188086,455.8911209006271,83.09999999999999,20.69738265828337
13,Sweden,1990,2.30989381148252,23638.5104492682,486.7484885501356,456.8465875028955,83.09999999999999,20.85791051323293
13,Sweden,1991,2.257067842585474,23370.4891815676,493.3056760324345,456.2061211790352,83.20399999999999,21.00057269581323
13,Sweden,1992,2.331546352837374,23073.5567006508,501.8419908383265,449.5621440050768,83.361,21.12410927523517
13,Sweden,1993,2.217108993101041,22332.2525138765,472.4403488144431,443.9052732218661,83.51600000000001,21.24716332797193
13,Sweden,1994,2.286821904063949,23608.6502113316,473.5361293375448,443.7194808164484,83.67100000000001,21.39870595116245
13,Sweden,1995,2.291847717538322,25110.1750304664,481.593902484202,447.3099620073378,83.824,21.51128088901886
13,Sweden,1996,2.265581329166685,25483.8087138614,475.6250369019425,450.1555147442495,83.914,21.54554272067066
13,Sweden,1997,2.297067327812082,26667.5013474236,466.4222339838902,456.5518995210579,83.94199999999999,21.55788370619486
13,Sweden,1998,2.3296871056225,28188.3355548903,453.848356124422,467.9748488930039,83.97,21.56985426719306
13,Sweden,1999,2.384319307319115,30149.6559667357,455.5269131170753,480.667558471966,83.998,21.58666959107082
13,Sweden,2000,2.397400663134324,31800.4384348668,448.2586947477764,493.8987651630253,84.026,21.62136033533168
13,Sweden,2001,2.385352452124335,31454.3865330062,443.1224960543888,497.0632367163205,84.071,21.67948530486913
13,Sweden,2002,2.403372654526777,31542.8681189297,452.8872852959084,500.0576663677561,84.133,21.75015353121801
13,Sweden,2003,2.42235379336697,31563.9166977789,447.2982327198825,513.5457480469264,84.196,21.8312350733538
13,Sweden,2004,2.463993285840678,32445.91062674,436.5359945943367,526.9457307410593,84.258,21.91726616951796
13,Sweden,2005,2.490704985795561,31230.7606476439,427.7057650130039,540.6741620244758,84.319,22.00509821123946
14,Switzerland,1960,.7226210610817506,17055.3058759267,166.6720785040505,106.3246242171886,51.019,135.575221238938
14,Switzerland,1961,.8483162670256706,17971.8869978256,196.5296688033441,118.6556206940308,51.671,137.4796093908116
14,Switzerland,1962,.821699320842188,18404.0829662439,189.0984899929402,133.141827135492,52.309,141.0092845577818
14,Switzerland,1963,.9290078214029002,18914.537430231,213.3732519857323,145.5536013482173,52.946,144.0560362274843
14,Switzerland,1964,1.024316195527279,19742.035995238,234.919060019747,160.2763395706489,53.583,146.4589151993524
14,Switzerland,1965,1.065487891003321,20189.6449812261,248.1015874403566,172.6621121070172,54.217,148.1600890507994
14,Switzerland,1966,1.132138853619853,20586.5343339845,262.9265755570883,186.5709435415146,54.851,149.7167071443028
14,Switzerland,1967,1.144900893473314,21135.5907569905,278.8818357133976,197.5459173981089,55.483,151.5833080348108
14,Switzerland,1968,1.171775729706443,21773.7149107572,287.0932941137305,214.3163036590063,56.114,153.504199554746
14,Switzerland,1969,1.243402673266859,22608.47209209,307.0210532679898,230.439744424597,56.742,155.2415249949403
14,Switzerland,1970,1.339615721199435,23658.7353204442,334.0949836083132,246.2035518436381,57.368,156.3670562639142
14,Switzerland,1971,1.477452196454791,24646.6381202731,371.2943591744229,258.4430168652634,57.597,157.1898148148148
14,Switzerland,1972,1.518937363559175,25460.220294006,385.8835615519419,269.0140901278961,57.54,158.3929366524995
14,Switzerland,1973,1.568012668400835,25961.1125190949,390.3384418203089,283.3748131639985,57.483,159.5665604128719
14,Switzerland,1974,1.493359909988402,25860.3266960193,381.1458186316755,294.9534135283587,57.426,160.4281774944343
14,Switzerland,1975,1.416709472958834,23930.7990807664,379.1038823519018,303.5257482549694,57.369,160.358024691358
14,Switzerland,1976,1.424830511809275,23933.4348424519,382.2290315087463,317.3858315383105,57.312,159.4440396680834
14,Switzerland,1977,1.517232288104103,24309.2219080051,405.6566495371725,329.3049012834076,57.255,158.9044221817446
14,Switzerland,1978,1.540974806653827,25221.3153534402,409.6000183388737,349.9211272249643,57.198,158.918690548472
14,Switzerland,1979,1.539472210461262,25799.8327790222,406.7129885222735,365.6918162224649,57.141,159.2381349929164
14,Switzerland,1980,1.629899509574315,26582.0377383694,428.679395285128,380.1566170712608,57.084,159.8716858935438
14,Switzerland,1981,1.663499669660756,26607.1790491059,443.9671303796588,403.8190438770143,58.12,160.7486844768266
14,Switzerland,1982,1.692923937803664,26526.0852579743,447.9520548920417,415.463219648056,59.938,161.6906749645821
14,Switzerland,1983,1.758903142391856,26702.4021126283,464.7305645487074,423.4397502237535,61.728,162.3854735883424
14,Switzerland,1984,1.791406681139701,27546.3804321923,474.0863088562085,426.850122740515,63.489,162.9655442839434
14,Switzerland,1985,1.800516663279429,27963.0588850377,467.6706800930087,436.1715349999707,65.20999999999999,163.6865339371095
14,Switzerland,1986,1.891107857107275,29287.9346227735,492.9180316980427,444.04669764125,66.895,164.5405651546966
14,Switzerland,1987,1.915935356891088,29855.2291327663,504.9574445394773,450.9807594232746,68.53700000000001,165.5773229780667
14,Switzerland,1988,2.006556267144075,30453.0301499256,520.2182914817971,452.8266202898411,70.137,166.7987047484125
14,Switzerland,1989,2.03854060351634,31421.3409981225,525.9585202873154,474.4787491477932,71.684,168.1527992107061
14,Switzerland,1990,2.148754251160633,32568.8752877323,551.1115373212406,484.2169537260842,73.184,169.888411039996
14,Switzerland,1991,2.183830594746042,32051.5640411483,562.5018198588289,489.4364385874254,73.78100000000001,172.0250449037416
14,Switzerland,1992,2.2093375710726,31422.834068582,578.0057608586251,489.6525876890699,73.73,173.9321510789547
14,Switzerland,1993,2.043738600356141,31459.2435736772,528.6624249722372,487.6610265807763,73.679,175.523413190316
14,Switzerland,1994,2.078985729493072,32065.3419554711,523.3210295697829,492.5759568395526,73.629,176.9282046092742
14,Switzerland,1995,2.028211167461357,32156.8517049164,504.2121599781385,499.620947916233,73.578,178.1144729186167
14,Switzerland,1996,2.022101713130227,32461.863293293,514.716799705876,503.971984987035,73.527,178.9073568103623
14,Switzerland,1997,2.082126635619093,34260.9814098701,533.7918149852742,510.9727166976797,73.476,179.3433855339388
14,Switzerland,1998,2.094233179432746,35639.088655646,536.2868444041006,517.944947853854,73.42400000000001,179.8816222233467
14,Switzerland,1999,2.08286936531695,35939.0632137362,538.7744749398481,527.7311121421286,73.373,180.7461353573688
14,Switzerland,2000,2.288339075060028,36982.2774650568,554.4072102167937,541.2088955335244,73.322,181.7693047262423
14,Switzerland,2001,2.231027071915975,36827.3936953549,535.6954649429988,550.3551300155692,73.322,182.9277635806998
14,Switzerland,2002,2.215586444729149,36815.7238653476,520.9510878405898,559.4377631337981,73.36,182.118825
14,Switzerland,2003,2.216922984477043,35736.4184253952,514.5114437237439,563.339531518518,73.398,183.475025
14,Switzerland,2004,2.21526802780926,36479.6662406057,501.7845966473265,567.616325791623,73.43600000000001,184.740625
14,Switzerland,2005,2.211879203158752,36814.8716852189,483.3863668909248,573.1007578587283,73.474,185.927875
15,United States,1960,3.681443065018736,15220.278315142,888.8974987684796,411.4983882055434,69.996,20.3252609466577
15,United States,1961,3.700562357437218,15323.2584510491,890.9472973635072,416.3761331018823,70.377,20.05587970686628
15,United States,1962,3.813217682188079,16027.8043790269,911.4443169756296,427.4694632135951,70.75700000000001,20.36672285936395
15,United States,1963,3.908804599401825,16494.7337193248,931.0142568774373,440.7528911423373,71.134,20.66195288548045
15,United States,1964,4.006118120371673,17236.4336294591,951.4980014487543,454.6035673480629,71.508,20.95095949758488
15,United States,1965,4.055315666767884,18176.2392879014,963.4848664199729,471.8100132661121,71.879,21.21452654013119
15,United States,1966,4.202228327228327,19141.7200659916,1001.388888888889,486.5662171948475,72.247,21.46095189846882
15,United States,1967,4.353687749104232,19412.3351497139,1024.432344297275,497.1858944233546,72.61199999999999,21.6959130731
15,United States,1968,4.669666078742041,20188.2415675362,1081.766364732494,512.8160032093948,72.974,21.91362338082053
15,United States,1969,4.842828737350563,20667.1763590329,1125.22387838778,529.5855515779489,73.333,22.12882248639584
15,United States,1970,5.048816885472953,20494.501521778,1166.630903380606,542.1138890758227,73.602,22.38813140356547
15,United States,1971,5.206418152662272,21046.4307276296,1201.284786262225,559.8344304139533,73.613,22.67298907299519
15,United States,1972,5.47294850783245,22062.5054073768,1267.275222014712,583.5771573944481,73.623,22.91701241188956
15,United States,1973,5.664459744512975,23182.6918976306,1310.807941144548,613.2693252144815,73.633,23.13679719094744
15,United States,1974,5.481356439439992,22541.3164383118,1274.416190485097,630.4288521821973,73.643,23.34915754627163
15,United States,1975,5.496149981710676,22239.1630537435,1294.786848356044,638.2763549237353,73.65300000000001,23.58051569173793
15,United States,1976,5.689315935514941,23323.731159442,1350.420803999358,657.6251297979792,73.663,23.80565042319215
15,United States,1977,5.805511285467151,24150.3258394233,1373.757599698509,667.1337818604894,73.673,24.04628909832557
15,United States,1978,5.949861850529011,25303.2851842069,1405.094682930117,688.8291786893246,73.682,24.30243171713819
15,United States,1979,5.762857968052254,25739.6101835063,1318.664326497967,699.0623081042694,73.69199999999999,24.57211299099461
15,United States,1980,5.434085157883156,25021.0634174513,1228.96688304544,709.4659528611579,73.738,24.80903945426118
15,United States,1981,5.357002780368333,25481.0192799894,1217.374251523102,713.8182550993325,73.89,25.05371788936735
15,United States,1982,5.267758477795428,24720.8392244416,1208.746287727053,712.5254978040127,74.042,25.29370146828898
15,United States,1983,5.289659184232138,25724.8585738332,1206.628113879004,722.8880687651683,74.194,25.52604225807297
15,United States,1984,5.403498356832397,27528.4846235467,1186.820735715043,726.7191336702534,74.34399999999999,25.74801069117018
15,United States,1985,5.399329197558885,28376.995012835,1177.871925488811,742.9592455188525,74.494,25.97718518259715
15,United States,1986,5.448105841346254,28980.9181722864,1195.479171958873,751.8890850095172,74.64400000000001,26.2183697712404
15,United States,1987,5.584487946212993,29499.089858103,1225.3630994391,757.1387524034426,74.79300000000001,26.45376767667945
15,United States,1988,5.7860359347073,30399.3278857393,1249.514312941975,771.4370273607724,74.94199999999999,26.69506144802467
15,United States,1989,5.77893111956535,31189.0203464353,1238.595894157257,775.5273837875243,75.089,26.94836531658616
15,United States,1990,5.688498255369097,31343.6954423186,1203.290562167749,772.0815618637655,75.3,27.25451361289928
15,United States,1991,5.504444997845688,30983.5438577834,1180.282313691542,758.9589509264647,75.70099999999999,27.62114912610165
15,United States,1992,5.548391120952463,31798.2684247075,1193.603468036832,757.1818106879952,76.09699999999999,28.0068916121481
15,United States,1993,5.566003254860169,32537.0363955005,1189.332061142125,761.2674529119329,76.488,28.37865871234289
15,United States,1994,5.697650555247296,33683.1835003878,1206.532231706483,766.3621734266496,76.875,28.72880763754837
15,United States,1995,5.743996875445962,34210.8359804846,1219.567519659904,770.4661582274631,77.25700000000001,29.07295151414571
15,United States,1996,5.821287779237845,35225.0048731664,1226.192862498794,780.6234868474733,77.636,29.41316481347227
15,United States,1997,5.842872180065063,36567.0476307985,1225.880868637152,775.523731125139,78.008,29.76942796998786
15,United States,1998,5.913454218535892,37978.4998715442,1249.044784559948,780.7194345385105,78.377,30.11848506817368
15,United States,1999,6.010249426605504,39381.839665395,1263.815223623853,789.6311388190858,78.742,30.46634115663787
15,United States,2000,6.053464010129967,40488.7129322149,1267.989590576613,799.9170202528592,79.057,30.79730132985226
15,United States,2001,5.99995181931309,40522.0683111214,1261.488290891195,825.0175717930473,79.23399999999999,31.10362838793615
15,United States,2002,5.995823877639258,40822.722968663,1280.079106283294,811.7441362212579,79.40900000000001,31.39354993276519
15,United States,2003,6.03003158827787,41404.4592129152,1270.937323868355,814.4101691629896,79.583,31.66453461719814
15,United States,2004,6.048490283806272,42449.4339854654,1276.640151504363,816.9516993719487,79.75700000000001,31.95894506828263
15,United States,2005,6.056749455214189,43212.3111958624,1265.343473988749,819.3254316755014,79.928,32.25487659791834
